{
  "request_rate": 10,
  "total_requests": 10000,
  "successful_requests": 10000,
  "failed_requests": 0,
  "total_output_tokens": 2559888,
  "effective_throughput_tps": 407813.52257432474,
  "latency_count": 10000,
  "latency_mean_ms": 6084.4659119771795,
  "latency_min_ms": 5464.9877846241,
  "latency_max_ms": 6277.104260399938,
  "latency_p50_ms": 6084.924946539104,
  "latency_p95_ms": 6107.533299084753,
  "latency_p99_ms": 6114.723004754633,
  "ttfb_count": 10000,
  "ttfb_mean_ms": 6084.337436162867,
  "ttfb_min_ms": 5464.873341843486,
  "ttfb_max_ms": 6276.876101270318,
  "ttfb_p50_ms": 6084.789865650237,
  "ttfb_p95_ms": 6107.403173763305,
  "ttfb_p99_ms": 6114.596631731838
}