{
  "request_rate": 1,
  "total_requests": 10000,
  "successful_requests": 10000,
  "failed_requests": 0,
  "total_output_tokens": 2441500,
  "effective_throughput_tps": 2433855.199773316,
  "latency_count": 10000,
  "latency_mean_ms": 809.173140052706,
  "latency_min_ms": 535.0394994020462,
  "latency_max_ms": 1003.1410250812769,
  "latency_p50_ms": 847.1625708043575,
  "latency_p95_ms": 852.6840937323868,
  "latency_p99_ms": 855.2838842384517,
  "ttfb_count": 10000,
  "ttfb_mean_ms": 809.0408618034795,
  "ttfb_min_ms": 534.880755469203,
  "ttfb_max_ms": 1003.0089821666479,
  "ttfb_p50_ms": 847.0318140462041,
  "ttfb_p95_ms": 852.5527019053698,
  "ttfb_p99_ms": 855.1630084589124
}