{
  "request_rate": 1,
  "total_requests": 10000,
  "successful_requests": 10000,
  "failed_requests": 0,
  "total_output_tokens": 2560000,
  "effective_throughput_tps": 454579.00871531205,
  "latency_count": 10000,
  "latency_mean_ms": 5372.570409245231,
  "latency_min_ms": 5303.854508325458,
  "latency_max_ms": 5631.584281101823,
  "latency_p50_ms": 5372.410217300057,
  "latency_p95_ms": 5382.127623539418,
  "latency_p99_ms": 5388.266970552504,
  "ttfb_count": 10000,
  "ttfb_mean_ms": 5372.424349049665,
  "ttfb_min_ms": 5303.713364526629,
  "ttfb_max_ms": 5631.383715197444,
  "ttfb_p50_ms": 5372.265050187707,
  "ttfb_p95_ms": 5381.994384620339,
  "ttfb_p99_ms": 5388.065940961242
}