{
  "request_rate": 1,
  "total_requests": 500,
  "successful_requests": 500,
  "failed_requests": 0,
  "total_output_tokens": 127990,
  "effective_throughput_tps": 45608.052973044345,
  "latency_count": 500,
  "latency_mean_ms": 2793.3339176513255,
  "latency_min_ms": 2778.439035639167,
  "latency_max_ms": 2806.3026517629623,
  "latency_p50_ms": 2793.1657480075955,
  "latency_p95_ms": 2799.8551192693412,
  "latency_p99_ms": 2804.4861177913845,
  "ttfb_count": 500,
  "ttfb_mean_ms": 2793.1971730664372,
  "ttfb_min_ms": 2778.251964598894,
  "ttfb_max_ms": 2806.174822151661,
  "ttfb_p50_ms": 2793.0236058309674,
  "ttfb_p95_ms": 2799.7124715708196,
  "ttfb_p99_ms": 2804.3546146526933
}