{
  "request_rate": 50,
  "total_requests": 10000,
  "successful_requests": 10000,
  "failed_requests": 0,
  "total_output_tokens": 2555780,
  "effective_throughput_tps": 544959.3250093415,
  "latency_count": 10000,
  "latency_mean_ms": 3790.638235469535,
  "latency_min_ms": 2239.6670803427696,
  "latency_max_ms": 4689.854605123401,
  "latency_p50_ms": 3828.8943180814385,
  "latency_p95_ms": 4234.1700142249465,
  "latency_p99_ms": 4364.2420999147,
  "ttfb_count": 10000,
  "ttfb_mean_ms": 3765.110115671903,
  "ttfb_min_ms": 2239.0923239290714,
  "ttfb_max_ms": 4495.01509219408,
  "ttfb_p50_ms": 3792.824476957321,
  "ttfb_p95_ms": 4217.518231552094,
  "ttfb_p99_ms": 4345.104083716869
}