{
  "request_rate": 20,
  "total_requests": 10000,
  "successful_requests": 10000,
  "failed_requests": 0,
  "total_output_tokens": 2560000,
  "effective_throughput_tps": 756238.5070301865,
  "latency_count": 10000,
  "latency_mean_ms": 3212.781291743368,
  "latency_min_ms": 2955.415679141879,
  "latency_max_ms": 3385.1754125207663,
  "latency_p50_ms": 3213.20709399879,
  "latency_p95_ms": 3223.054481483996,
  "latency_p99_ms": 3227.5563793815672,
  "ttfb_count": 10000,
  "ttfb_mean_ms": 3212.6544526033103,
  "ttfb_min_ms": 2955.2735704928637,
  "ttfb_max_ms": 3384.7678396850824,
  "ttfb_p50_ms": 3213.0842357873917,
  "ttfb_p95_ms": 3222.9095997288823,
  "ttfb_p99_ms": 3227.444347962737
}