{
  "request_rate": 20,
  "total_requests": 10000,
  "successful_requests": 10000,
  "failed_requests": 0,
  "total_output_tokens": 2560000,
  "effective_throughput_tps": 2310537.239285707,
  "latency_count": 10000,
  "latency_mean_ms": 944.6530265320092,
  "latency_min_ms": 886.1814755946398,
  "latency_max_ms": 1107.9674270004034,
  "latency_p50_ms": 941.8431026861072,
  "latency_p95_ms": 962.9721563309431,
  "latency_p99_ms": 965.7902267947793,
  "ttfb_count": 10000,
  "ttfb_mean_ms": 944.5268667107448,
  "ttfb_min_ms": 886.0451858490705,
  "ttfb_max_ms": 1107.8330092132092,
  "ttfb_p50_ms": 941.7187515646219,
  "ttfb_p95_ms": 962.838211003691,
  "ttfb_p99_ms": 965.6326980702579
}