{
  "request_rate": 20,
  "total_requests": 10000,
  "successful_requests": 10000,
  "failed_requests": 0,
  "total_output_tokens": 2560000,
  "effective_throughput_tps": 754968.0776725202,
  "latency_count": 10000,
  "latency_mean_ms": 3212.7775599472225,
  "latency_min_ms": 2956.026354804635,
  "latency_max_ms": 3390.871847048402,
  "latency_p50_ms": 3213.166135363281,
  "latency_p95_ms": 3222.974943369627,
  "latency_p99_ms": 3228.00411073491,
  "ttfb_count": 10000,
  "ttfb_mean_ms": 3212.6486460393294,
  "ttfb_min_ms": 2955.883903428912,
  "ttfb_max_ms": 3390.483969822526,
  "ttfb_p50_ms": 3213.0445279181004,
  "ttfb_p95_ms": 3222.8038987144823,
  "ttfb_p99_ms": 3227.860396374017
}