{
  "request_rate": 50,
  "total_requests": 10000,
  "successful_requests": 10000,
  "failed_requests": 0,
  "total_output_tokens": 2559948,
  "effective_throughput_tps": 344217.1926282097,
  "latency_count": 10000,
  "latency_mean_ms": 6725.6326513450595,
  "latency_min_ms": 5466.879054903984,
  "latency_max_ms": 7437.013765797019,
  "latency_p50_ms": 6758.708268404007,
  "latency_p95_ms": 7119.394390843809,
  "latency_p99_ms": 7244.036410711706,
  "ttfb_count": 10000,
  "ttfb_mean_ms": 6715.432039949112,
  "ttfb_min_ms": 5466.775251552463,
  "ttfb_max_ms": 7430.513711646199,
  "ttfb_p50_ms": 6747.397583909333,
  "ttfb_p95_ms": 7112.8969034180045,
  "ttfb_p99_ms": 7221.304080914706
}