{
  "request_rate": 5,
  "total_requests": 10000,
  "successful_requests": 10000,
  "failed_requests": 0,
  "total_output_tokens": 2558596,
  "effective_throughput_tps": 812451.2030488526,
  "latency_count": 10000,
  "latency_mean_ms": 2908.6394451934843,
  "latency_min_ms": 2586.7302510887384,
  "latency_max_ms": 3149.2303665727377,
  "latency_p50_ms": 2910.0123150274158,
  "latency_p95_ms": 2918.9502645283937,
  "latency_p99_ms": 2923.3365567959845,
  "ttfb_count": 10000,
  "ttfb_mean_ms": 2908.500681529008,
  "ttfb_min_ms": 2586.598176509142,
  "ttfb_max_ms": 3149.0594521164894,
  "ttfb_p50_ms": 2909.8743852227926,
  "ttfb_p95_ms": 2918.8373090699315,
  "ttfb_p99_ms": 2923.1831557117403
}