{
  "request_rate": 1,
  "total_requests": 10000,
  "successful_requests": 10000,
  "failed_requests": 0,
  "total_output_tokens": 2560000,
  "effective_throughput_tps": 798933.8367194277,
  "latency_count": 10000,
  "latency_mean_ms": 2802.921993666142,
  "latency_min_ms": 2759.034113958478,
  "latency_max_ms": 3204.2703442275524,
  "latency_p50_ms": 2802.6587180793285,
  "latency_p95_ms": 2809.140562824905,
  "latency_p99_ms": 2813.168606143445,
  "ttfb_count": 10000,
  "ttfb_mean_ms": 2802.780549167842,
  "ttfb_min_ms": 2758.8971611112356,
  "ttfb_max_ms": 3204.1132375597954,
  "ttfb_p50_ms": 2802.5219682604074,
  "ttfb_p95_ms": 2809.000309742987,
  "ttfb_p99_ms": 2813.034755513072
}