{
  "request_rate": 10,
  "total_requests": 10000,
  "successful_requests": 10000,
  "failed_requests": 0,
  "total_output_tokens": 2527000,
  "effective_throughput_tps": 788907.6544371737,
  "latency_count": 10000,
  "latency_mean_ms": 2982.1952798040584,
  "latency_min_ms": 2187.594061717391,
  "latency_max_ms": 3203.163241967559,
  "latency_p50_ms": 3021.886804141104,
  "latency_p95_ms": 3030.185006838292,
  "latency_p99_ms": 3034.754315428436,
  "ttfb_count": 10000,
  "ttfb_mean_ms": 2981.994923968427,
  "ttfb_min_ms": 2187.4833330512047,
  "ttfb_max_ms": 3202.7605269104242,
  "ttfb_p50_ms": 3021.730637177825,
  "ttfb_p95_ms": 3029.6253248117864,
  "ttfb_p99_ms": 3034.5396930910647
}