{
  "request_rate": 5,
  "total_requests": 10000,
  "successful_requests": 10000,
  "failed_requests": 0,
  "total_output_tokens": 2560000,
  "effective_throughput_tps": 434699.5876997046,
  "latency_count": 10000,
  "latency_mean_ms": 5731.205277995579,
  "latency_min_ms": 5388.591209426522,
  "latency_max_ms": 5889.12451826036,
  "latency_p50_ms": 5731.315729208291,
  "latency_p95_ms": 5742.603039927781,
  "latency_p99_ms": 5748.344135563821,
  "ttfb_count": 10000,
  "ttfb_mean_ms": 5731.074379741214,
  "ttfb_min_ms": 5388.449398800731,
  "ttfb_max_ms": 5888.99403065443,
  "ttfb_p50_ms": 5731.185733340681,
  "ttfb_p95_ms": 5742.473657988012,
  "ttfb_p99_ms": 5748.214270230383
}