{
  "request_rate": 50,
  "total_requests": 10000,
  "successful_requests": 10000,
  "failed_requests": 0,
  "total_output_tokens": 2555703,
  "effective_throughput_tps": 546881.4281622859,
  "latency_count": 10000,
  "latency_mean_ms": 3726.7237182095646,
  "latency_min_ms": 2257.2216894477606,
  "latency_max_ms": 4673.230554908514,
  "latency_p50_ms": 3735.8117727562785,
  "latency_p95_ms": 4200.584177579731,
  "latency_p99_ms": 4311.049112081528,
  "ttfb_count": 10000,
  "ttfb_mean_ms": 3716.4538569934666,
  "ttfb_min_ms": 2257.052270695567,
  "ttfb_max_ms": 4665.857028216124,
  "ttfb_p50_ms": 3721.3095612823963,
  "ttfb_p95_ms": 4193.4899364598095,
  "ttfb_p99_ms": 4303.841186966747
}