{
  "request_rate": 50,
  "total_requests": 10000,
  "successful_requests": 10000,
  "failed_requests": 0,
  "total_output_tokens": 2556601,
  "effective_throughput_tps": 497868.0626058177,
  "latency_count": 10000,
  "latency_mean_ms": 3771.2644281595944,
  "latency_min_ms": 2712.7892076969147,
  "latency_max_ms": 5135.097412392497,
  "latency_p50_ms": 3800.057115033269,
  "latency_p95_ms": 4208.954066224396,
  "latency_p99_ms": 4303.431501183659,
  "ttfb_count": 10000,
  "ttfb_mean_ms": 3751.6257759487257,
  "ttfb_min_ms": 2712.431889027357,
  "ttfb_max_ms": 4434.544321149588,
  "ttfb_p50_ms": 3774.306697770953,
  "ttfb_p95_ms": 4196.165102068335,
  "ttfb_p99_ms": 4275.1661696098745
}