{
  "request_rate": 10,
  "total_requests": 10000,
  "successful_requests": 10000,
  "failed_requests": 0,
  "total_output_tokens": 2559932,
  "effective_throughput_tps": 353503.0019679604,
  "latency_count": 10000,
  "latency_mean_ms": 6090.584380211867,
  "latency_min_ms": 5478.490825742483,
  "latency_max_ms": 7241.613185033202,
  "latency_p50_ms": 6091.506053693593,
  "latency_p95_ms": 6108.072639815509,
  "latency_p99_ms": 6114.761783666909,
  "ttfb_count": 10000,
  "ttfb_mean_ms": 6090.44845389314,
  "ttfb_min_ms": 5478.349654003978,
  "ttfb_max_ms": 7239.135080948472,
  "ttfb_p50_ms": 6091.373303905129,
  "ttfb_p95_ms": 6107.916152570397,
  "ttfb_p99_ms": 6114.634376056492
}