{
  "request_rate": 5,
  "total_requests": 10000,
  "successful_requests": 10000,
  "failed_requests": 0,
  "total_output_tokens": 2441476,
  "effective_throughput_tps": 287898.4651242965,
  "latency_count": 10000,
  "latency_mean_ms": 854.1845360701903,
  "latency_min_ms": 555.9410154819489,
  "latency_max_ms": 8480.336979031563,
  "latency_p50_ms": 874.0481277927756,
  "latency_p95_ms": 878.9505596272647,
  "latency_p99_ms": 880.8802246674895,
  "ttfb_count": 10000,
  "ttfb_mean_ms": 854.0569847926497,
  "ttfb_min_ms": 555.8114405721426,
  "ttfb_max_ms": 8480.202218517661,
  "ttfb_p50_ms": 873.9218804985285,
  "ttfb_p95_ms": 878.7981281988323,
  "ttfb_p99_ms": 880.7389300875366
}