{
  "request_rate": 10,
  "total_requests": 10000,
  "successful_requests": 10000,
  "failed_requests": 0,
  "total_output_tokens": 2560000,
  "effective_throughput_tps": 798648.6336397924,
  "latency_count": 10000,
  "latency_mean_ms": 3019.972884477116,
  "latency_min_ms": 2855.6538689881563,
  "latency_max_ms": 3205.4146118462086,
  "latency_p50_ms": 3020.2096179127693,
  "latency_p95_ms": 3026.9619905389845,
  "latency_p99_ms": 3030.541504379362,
  "ttfb_count": 10000,
  "ttfb_mean_ms": 3019.772710264474,
  "ttfb_min_ms": 2855.5055502802134,
  "ttfb_max_ms": 3205.195674672723,
  "ttfb_p50_ms": 3020.0516059994698,
  "ttfb_p95_ms": 3026.5316281467676,
  "ttfb_p99_ms": 3030.279600098729
}