{
  "request_rate": 10,
  "total_requests": 10000,
  "successful_requests": 10000,
  "failed_requests": 0,
  "total_output_tokens": 2560000,
  "effective_throughput_tps": 2324623.665265526,
  "latency_count": 10000,
  "latency_mean_ms": 908.4793557655066,
  "latency_min_ms": 869.9250221252441,
  "latency_max_ms": 1101.2535225600004,
  "latency_p50_ms": 907.6174227520823,
  "latency_p95_ms": 915.2794376946986,
  "latency_p99_ms": 917.6801817491651,
  "ttfb_count": 10000,
  "ttfb_mean_ms": 908.3404262876138,
  "ttfb_min_ms": 869.7899710386992,
  "ttfb_max_ms": 1100.8626446127892,
  "ttfb_p50_ms": 907.4841495603323,
  "ttfb_p95_ms": 915.097267832607,
  "ttfb_p99_ms": 917.472629006952
}