{
  "request_rate": 50,
  "total_requests": 10000,
  "successful_requests": 10000,
  "failed_requests": 0,
  "total_output_tokens": 2560000,
  "effective_throughput_tps": 1964964.8147810262,
  "latency_count": 10000,
  "latency_mean_ms": 1109.4943627173081,
  "latency_min_ms": 945.7662981003523,
  "latency_max_ms": 1302.8223104774952,
  "latency_p50_ms": 1107.862813398242,
  "latency_p95_ms": 1142.3025800846517,
  "latency_p99_ms": 1163.1033495627344,
  "ttfb_count": 10000,
  "ttfb_mean_ms": 1109.1270046560094,
  "ttfb_min_ms": 945.6170815974474,
  "ttfb_max_ms": 1302.561054006219,
  "ttfb_p50_ms": 1107.5618891045451,
  "ttfb_p95_ms": 1141.550286207348,
  "ttfb_p99_ms": 1162.129501439631
}