{
  "request_rate": 20,
  "total_requests": 500,
  "successful_requests": 500,
  "failed_requests": 0,
  "total_output_tokens": 127889,
  "effective_throughput_tps": 38294.12581104402,
  "latency_count": 500,
  "latency_mean_ms": 3185.19563774392,
  "latency_min_ms": 2331.5491061657667,
  "latency_max_ms": 3339.6505936980247,
  "latency_p50_ms": 3203.7500105798244,
  "latency_p95_ms": 3213.72302249074,
  "latency_p99_ms": 3219.5722434855998,
  "ttfb_count": 500,
  "ttfb_mean_ms": 3185.0650284700096,
  "ttfb_min_ms": 2331.433141604066,
  "ttfb_max_ms": 3339.0221297740936,
  "ttfb_p50_ms": 3203.6321004852653,
  "ttfb_p95_ms": 3213.618480041623,
  "ttfb_p99_ms": 3219.4666600227356
}