{
  "request_rate": 50,
  "total_requests": 500,
  "successful_requests": 500,
  "failed_requests": 0,
  "total_output_tokens": 127864,
  "effective_throughput_tps": 30223.86525339716,
  "latency_count": 500,
  "latency_mean_ms": 3441.0718426145613,
  "latency_min_ms": 2626.1770743876696,
  "latency_max_ms": 4230.564123019576,
  "latency_p50_ms": 3360.3434124961495,
  "latency_p95_ms": 3987.208204716444,
  "latency_p99_ms": 4071.1260413005944,
  "ttfb_count": 500,
  "ttfb_mean_ms": 3437.9130739197135,
  "ttfb_min_ms": 2625.743994489312,
  "ttfb_max_ms": 4222.377983853221,
  "ttfb_p50_ms": 3353.9527067914605,
  "ttfb_p95_ms": 3978.254305478186,
  "ttfb_p99_ms": 4070.64249176532
}