{
  "request_rate": 5,
  "total_requests": 10000,
  "successful_requests": 10000,
  "failed_requests": 0,
  "total_output_tokens": 2560000,
  "effective_throughput_tps": 837531.4008842376,
  "latency_count": 10000,
  "latency_mean_ms": 2895.8412880202754,
  "latency_min_ms": 2813.51200863719,
  "latency_max_ms": 3056.6018149256706,
  "latency_p50_ms": 2894.7832388803363,
  "latency_p95_ms": 2905.306140705943,
  "latency_p99_ms": 2906.6228298842907,
  "ttfb_count": 10000,
  "ttfb_mean_ms": 2895.712144101225,
  "ttfb_min_ms": 2813.37165646255,
  "ttfb_max_ms": 3056.472247466445,
  "ttfb_p50_ms": 2894.652171060443,
  "ttfb_p95_ms": 2905.1782176829875,
  "ttfb_p99_ms": 2906.4935983531177
}