{
  "request_rate": 1,
  "total_requests": 500,
  "successful_requests": 500,
  "failed_requests": 0,
  "total_output_tokens": 122075,
  "effective_throughput_tps": 138504.3710601969,
  "latency_count": 500,
  "latency_mean_ms": 809.6857629455626,
  "latency_min_ms": 536.8423275649548,
  "latency_max_ms": 881.3801258802414,
  "latency_p50_ms": 848.0172893032432,
  "latency_p95_ms": 853.3856091089547,
  "latency_p99_ms": 854.1371368803084,
  "ttfb_count": 500,
  "ttfb_mean_ms": 809.5480140857399,
  "ttfb_min_ms": 536.7086920887232,
  "ttfb_max_ms": 881.201846525073,
  "ttfb_p50_ms": 847.8838205337524,
  "ttfb_p95_ms": 853.2522950321436,
  "ttfb_p99_ms": 854.0063663944602
}