{
  "request_rate": 1,
  "total_requests": 10000,
  "successful_requests": 10000,
  "failed_requests": 0,
  "total_output_tokens": 2560000,
  "effective_throughput_tps": 114151.15108306744,
  "latency_count": 10000,
  "latency_mean_ms": 2807.122943823226,
  "latency_min_ms": 2758.428545668721,
  "latency_max_ms": 22426.40547826886,
  "latency_p50_ms": 2802.5021525099874,
  "latency_p95_ms": 2809.0211022645235,
  "latency_p99_ms": 2812.9443344660103,
  "ttfb_count": 10000,
  "ttfb_mean_ms": 2806.9828524010254,
  "ttfb_min_ms": 2758.2983169704676,
  "ttfb_max_ms": 22410.75744666159,
  "ttfb_p50_ms": 2802.367894910276,
  "ttfb_p95_ms": 2808.8885674253106,
  "ttfb_p99_ms": 2812.800184711814
}