{
  "request_rate": 20,
  "total_requests": 10000,
  "successful_requests": 10000,
  "failed_requests": 0,
  "total_output_tokens": 2441500,
  "effective_throughput_tps": 2237686.696866242,
  "latency_count": 10000,
  "latency_mean_ms": 893.3461779801175,
  "latency_min_ms": 587.866997346282,
  "latency_max_ms": 1091.0821445286274,
  "latency_p50_ms": 933.7904471904039,
  "latency_p95_ms": 940.2053015306592,
  "latency_p99_ms": 942.0655285567045,
  "ttfb_count": 10000,
  "ttfb_mean_ms": 893.2109419057145,
  "ttfb_min_ms": 587.7612084150314,
  "ttfb_max_ms": 1090.9544713795185,
  "ttfb_p50_ms": 933.6847830563784,
  "ttfb_p95_ms": 940.0985949672759,
  "ttfb_p99_ms": 941.9553143531084
}