{
  "request_rate": 5,
  "total_requests": 500,
  "successful_requests": 500,
  "failed_requests": 0,
  "total_output_tokens": 127896,
  "effective_throughput_tps": 43883.257939237024,
  "latency_count": 500,
  "latency_mean_ms": 2900.4740652889013,
  "latency_min_ms": 2688.08981962502,
  "latency_max_ms": 2914.460001513362,
  "latency_p50_ms": 2903.6700446158648,
  "latency_p95_ms": 2908.8771373964846,
  "latency_p99_ms": 2912.313118837774,
  "ttfb_count": 500,
  "ttfb_mean_ms": 2900.340671315789,
  "ttfb_min_ms": 2687.9573855549097,
  "ttfb_max_ms": 2914.3259171396494,
  "ttfb_p50_ms": 2903.538092970848,
  "ttfb_p95_ms": 2908.7468126788735,
  "ttfb_p99_ms": 2912.1813099831343
}