{
  "request_rate": 20,
  "total_requests": 10000,
  "successful_requests": 10000,
  "failed_requests": 0,
  "total_output_tokens": 2559937,
  "effective_throughput_tps": 753612.8767856567,
  "latency_count": 10000,
  "latency_mean_ms": 3220.383711907826,
  "latency_min_ms": 2274.0777395665646,
  "latency_max_ms": 3396.885959431529,
  "latency_p50_ms": 3220.763934776187,
  "latency_p95_ms": 3231.782644521445,
  "latency_p99_ms": 3236.876618023962,
  "ttfb_count": 10000,
  "ttfb_mean_ms": 3220.2640868183225,
  "ttfb_min_ms": 2273.9269118756056,
  "ttfb_max_ms": 3396.643338724971,
  "ttfb_p50_ms": 3220.6281824037433,
  "ttfb_p95_ms": 3231.6571035422385,
  "ttfb_p99_ms": 3236.756986323744
}