{
  "request_rate": 20,
  "total_requests": 10000,
  "successful_requests": 10000,
  "failed_requests": 0,
  "total_output_tokens": 2560000,
  "effective_throughput_tps": 2286662.869907804,
  "latency_count": 10000,
  "latency_mean_ms": 944.5609051151201,
  "latency_min_ms": 888.1074283272028,
  "latency_max_ms": 1119.5353865623474,
  "latency_p50_ms": 941.7312610894442,
  "latency_p95_ms": 963.0364218726754,
  "latency_p99_ms": 966.0169700905681,
  "ttfb_count": 10000,
  "ttfb_mean_ms": 944.4317927278578,
  "ttfb_min_ms": 887.960460036993,
  "ttfb_max_ms": 1119.412811473012,
  "ttfb_p50_ms": 941.6043441742659,
  "ttfb_p95_ms": 962.9039573483169,
  "ttfb_p99_ms": 965.8793074078858
}