{
  "request_rate": 50,
  "total_requests": 10000,
  "successful_requests": 10000,
  "failed_requests": 0,
  "total_output_tokens": 2559986,
  "effective_throughput_tps": 347569.7804245165,
  "latency_count": 10000,
  "latency_mean_ms": 6751.505389037915,
  "latency_min_ms": 5742.053788155317,
  "latency_max_ms": 7365.387165918946,
  "latency_p50_ms": 6797.688741236925,
  "latency_p95_ms": 7110.722943115979,
  "latency_p99_ms": 7198.71979156509,
  "ttfb_count": 10000,
  "ttfb_mean_ms": 6744.0771117698405,
  "ttfb_min_ms": 5740.311212837696,
  "ttfb_max_ms": 7338.004503399134,
  "ttfb_p50_ms": 6789.699074812233,
  "ttfb_p95_ms": 7104.909042082727,
  "ttfb_p99_ms": 7186.692202668637
}