{
  "request_rate": 50,
  "total_requests": 500,
  "successful_requests": 500,
  "failed_requests": 0,
  "total_output_tokens": 127795,
  "effective_throughput_tps": 33912.03516712119,
  "latency_count": 500,
  "latency_mean_ms": 3311.22522675246,
  "latency_min_ms": 2318.695893511176,
  "latency_max_ms": 3768.4261463582516,
  "latency_p50_ms": 3261.6428807377815,
  "latency_p95_ms": 3598.9673835225403,
  "latency_p99_ms": 3642.9823802784085,
  "ttfb_count": 500,
  "ttfb_mean_ms": 3309.119735289365,
  "ttfb_min_ms": 2318.5525368899107,
  "ttfb_max_ms": 3764.1693502664566,
  "ttfb_p50_ms": 3258.178601041436,
  "ttfb_p95_ms": 3594.8370619677007,
  "ttfb_p99_ms": 3641.6250206530094
}