{
  "request_rate": 50,
  "total_requests": 10000,
  "successful_requests": 10000,
  "failed_requests": 0,
  "total_output_tokens": 2559955,
  "effective_throughput_tps": 341237.1902231371,
  "latency_count": 10000,
  "latency_mean_ms": 6759.439536298439,
  "latency_min_ms": 5916.561337187886,
  "latency_max_ms": 7501.981241628528,
  "latency_p50_ms": 6801.954536698759,
  "latency_p95_ms": 7120.159957185388,
  "latency_p99_ms": 7234.4501443021,
  "ttfb_count": 10000,
  "ttfb_mean_ms": 6751.287558965943,
  "ttfb_min_ms": 5916.381446644664,
  "ttfb_max_ms": 7495.863886550069,
  "ttfb_p50_ms": 6792.26032178849,
  "ttfb_p95_ms": 7114.045395515859,
  "ttfb_p99_ms": 7227.151122707874
}