{
  "request_rate": 20,
  "total_requests": 10000,
  "successful_requests": 10000,
  "failed_requests": 0,
  "total_output_tokens": 2559889,
  "effective_throughput_tps": 334067.8377074141,
  "latency_count": 10000,
  "latency_mean_ms": 6530.231079295091,
  "latency_min_ms": 5567.2551561146975,
  "latency_max_ms": 7662.781959399581,
  "latency_p50_ms": 6526.244140230119,
  "latency_p95_ms": 7092.983757145703,
  "latency_p99_ms": 7173.852492514998,
  "ttfb_count": 10000,
  "ttfb_mean_ms": 6522.989469843544,
  "ttfb_min_ms": 5567.0809391886,
  "ttfb_max_ms": 7657.064748927951,
  "ttfb_p50_ms": 6511.696456000209,
  "ttfb_p95_ms": 7086.331106349826,
  "ttfb_p99_ms": 7159.449422582985
}